model,r_squared,adj_r_squared,intercept,log_downloads_coef,n_observations,aic,bic
OLS,0.6934358839225243,0.693415355991891,397.7876509064389,-39.35080740652354,14936,141146.81710739696,141162.0401667674
GAM,0.9653239573163528,,,,14936,160105.34622760626,
