downloads,mean_rank,median_rank,std_rank,target_rank,prob_below_target
350,167.63599250911466,167.9951003341826,27.52235312823608,5,0.0
