model,target_rank,downloads_needed
OLS,50,6892.1097865179445
OLS,75,3651.2379283136424
OLS,100,1934.31892730941
OLS,10,19046.33730050462
OLS,20,14772.2500415808
GAM,10,18591.23824764953
GAM,20,8990.598119623925
GAM,50,3830.254050810162
GAM,75,2630.174034806961
GAM,100,1850.122024404881
