Top,Top,Brazil,Italy,Australia,Portugal,United Arab Emirates,Romania,Sweden,Norway,New Zealand,Ireland
Top 1,Top 1,35992.485829959514,16127.273579814591,6816.633820459291,3829.8987688378697,3700.2945437030917,3356.5615987804185,2917.0342265842137,1656.6800952010797,1478.2394953778341,1014.2939358373957
Top 2,Top 2,26546.655870445345,9881.852586000998,4890.275699373696,2438.0620902165547,2783.67335724263,2246.4732356694913,2045.4927706054145,1003.0240032169802,880.9330664958121,702.4924666725666
Top 3,Top 3,23563.919028340082,6731.906418594863,4121.9921085595,1557.1290237207427,2282.1613556341404,1803.1892192664811,1643.5318404772615,796.4085718426959,678.074279328333,572.8882415377883
Top 5,Top 5,20253.408906882592,4072.2023201768034,2871.648225469729,909.1078980468509,1756.2311666814167,1147.6548051789791,1166.438026213005,625.4812604330607,480.85045847106164,386.9343533009324
Top 10,Top 10,14074.882591093117,2071.789280053051,1954.603841336117,574.7665636411908,1250.9625208661214,661.1693803977098,741.9372308440209,422.6224732655815,276.1133492001799,187.83221034025846
Top 50,Top 50,2529.813765182186,456.432271126828,542.317828810021,108.94268199734991,296.7748923376084,107.06435989394731,137.11751354838867,82.64617254971373,52.593018895272365,45.079730481662025
Top 100,Top 100,1045.8947368421052,195.34549875386878,248.56233820459292,43.201408378259444,125.84758092797317,41.32308627485686,56.349663102077535,33.80979786124652,20.66154313742843,18.783221034025846
