Top,Top,United States,Mexico,United Kingdom (UK),Germany,France,Spain,Canada,Austria,Finland,Denmark
Top 1,Top 1,28611.060370063056,59536.957460065714,5787.194953303676,5041.119647530589,5679.319339289196,2655.156756815936,1228.9545382249812,598.2581075971752,96.6960870502047,125.34849543520062
Top 2,Top 2,19551.63249854424,46016.2779596692,4516.721162102223,4357.059669816508,4436.403956254748,1849.9776292139811,991.8165930755748,368.11663475259473,97.65728075845723,102.66323272103618
Top 3,Top 3,16091.804443502311,40506.05225067029,3855.7945391058797,3425.4504578143674,4072.256834348771,1633.8124219839067,882.1344468476934,281.71071824956397,83.52773324714501,89.74753570129292
Top 5,Top 5,12350.942039574551,33479.77781050565,3246.247370900771,2733.0208050788438,2870.614324635425,1393.4676613723923,750.0013709015252,221.6380334426949,62.381471665589316,63.08821236566901
Top 10,Top 10,8024.623359045612,21422.107435519807,1425.9466868684372,1522.9589433248539,1676.7104786697855,943.969764011421,495.08977305847486,155.25634520862044,42.388642533936654,35.43537387468023
Top 50,Top 50,1340.376648983443,4677.798563120728,281.25247005851486,281.99366610707506,300.08818310551544,141.93397834905332,74.60256854305786,22.767273237306533,4.805968541262659,7.120191946781541
Top 100,Top 100,642.5833134142592,1635.3878441146483,126.7804728614895,130.05187341011225,131.98720947477543,56.58015491256981,31.805483767573254,9.052048395555609,1.7301486748545574,2.9805454660945987
