Top,Top,United States,United Kingdom (UK),France,Mexico,Germany,Spain,Canada,Austria,Denmark,Finland
Top 1,Top 1,97459.91923913044,22025.25509214355,17762.20252696456,18475.250883392226,9818.231729055258,9491.250740375122,7118.369434796337,1440.6730533097823,1382.4450681043022,1029.3205126646162
Top 2,Top 2,84567.72445652174,17906.871968962172,13084.541140215717,14448.59363957597,7916.082442067736,6149.970621915103,5890.917903378592,1089.426819973499,771.9903844984623,777.62535080867
Top 3,Top 3,76430.52126811595,14990.835596508245,9438.083944530046,12813.821554770318,6615.592691622103,4043.00292201382,4958.649352699716,926.0127969774742,655.534414087502,601.0630730888271
Top 5,Top 5,61379.679673913044,9808.306498545102,5968.735654853621,9834.010600706713,5175.336898395722,3056.992418558736,3986.032049257973,674.3176351215278,478.97213636765906,430.1357616791919
Top 10,Top 10,37070.03384057971,5980.145004849661,3176.37374422188,6052.674911660777,3088.163992869875,2081.7776505429415,2418.801547205557,368.1511322669066,276.1133492001799,223.52033030490756
Top 50,Top 50,9584.59079710145,1514.2856450048496,812.7146995377503,1211.803886925795,678.8636363636364,392.2450542941757,632.838332807073,84.5244946531163,84.5244946531163,35.688119964649104
Top 100,Top 100,4710.227028985507,671.2609117361785,345.94169491525423,490.64310954063603,315.4719251336898,169.13318854886475,280.3176507736028,35.688119964649104,37.56644206805169,13.148254723818091
