Top,Top,Brazil,Italy,Australia,Romania,United Arab Emirates,Portugal,Sweden,Ireland,Norway,New Zealand
Top 1,Top 1,50316.26832692484,12165.030023094689,1111.079192723462,1483.4802456644,1579.2319835049188,901.377229328049,552.5793849802759,247.64658870541223,226.00911116613023,179.99653293709758
Top 2,Top 2,42335.196573880705,4996.351616628176,877.7643696818508,1007.4765842294751,1237.215456791568,749.1752116735723,488.4045175314663,241.5693718046659,199.8935875216638,160.07788826659555
Top 3,Top 3,38918.48059956406,4183.86345265589,749.0633792388568,933.6250676518342,1077.487421888499,513.5785984507296,435.03804881087734,145.28346653346654,152.5439465214162,127.7708182522447
Top 5,Top 5,31431.024979611175,3479.043013856813,532.9874044584174,701.750655340377,929.4908245771809,433.7619888308413,351.27295866716804,101.6034700593524,107.63500866551126,99.83613365336991
Top 10,Top 10,19709.23527106067,1635.4110854503465,362.2519620909226,490.5159681859896,754.8728881153512,294.220536840209,216.84349948492488,52.22608274078862,62.48200049517207,59.27011340978652
Top 50,Top 50,2276.158180423607,242.37095842956123,62.81552928043377,46.4393816034073,158.37440748863617,36.60554854981085,29.385334042349633,8.356173238526178,11.715375092844763,8.501860530092328
Top 100,Top 100,1052.3867629463223,101.0274249422633,26.44864390755106,17.737263806856955,60.46202451133118,15.137632858944334,12.834973489761909,3.4184345066698008,5.125476603119584,3.1578339111771503
