country,country_code,Top 50 Current,Top 50 Target,Top 20 Current,Top 20 Target,Top 10 Current,Top 10 Target,Top 5 Current,Top 5 Target
Australia,au,842.4175824175824,406.6497269119438,842.4175824175824,1063.7121852764494,842.4175824175824,1465.6333907451308,842.4175824175824,2153.2667831274803
Brazil,br,1590.3076923076924,16050.113692937626,1590.3076923076924,58142.71201899948,1590.3076923076924,89296.48059904698,1590.3076923076924,128495.4331812686
Canada,ca,1647.2967032967033,465.84735796895353,1647.2967032967033,1273.4275217614588,1647.2967032967033,1780.5373849887185,1647.2967032967033,2934.2130567373347
France,fr,328.6923076923077,541.3885376616004,328.6923076923077,1504.8879633465633,328.6923076923077,2115.9360565633624,328.6923076923077,3976.063272520837
Germany,de,312.61538461538464,433.9516770654496,312.61538461538464,1351.6981758156223,312.61538461538464,1974.0546878271432,312.61538461538464,3308.2433733930748
Spain,es,563.9120879120879,235.16813324622535,563.9120879120879,822.3110396761311,563.9120879120879,1248.1171108526732,563.9120879120879,1832.801185253839
United Kingdom (UK),gb,2262.197802197802,1363.695632647358,2262.197802197802,3820.281643424018,2262.197802197802,5385.442074692109,2262.197802197802,8832.907305074414
United States,us,7549.065934065934,4898.74804943914,7549.065934065934,13510.522917841814,7549.065934065934,18946.74063957961,7549.065934065934,31371.562171304467
