country,country_code,Top 50 Current,Top 50 Target,Top 20 Current,Top 20 Target,Top 10 Current,Top 10 Target,Top 5 Current,Top 5 Target
Australia,au,205.76923076923077,57.626842584085544,205.76923076923077,214.4532425365344,205.76923076923077,332.32923505258356,205.76923076923077,488.9615929033123
Brazil,br,90.3956043956044,2080.0042227897397,90.3956043956044,10499.405694789804,90.3956043956044,18010.739738717628,90.3956043956044,28722.373184114134
Canada,ca,410.72527472527474,70.8419301270179,410.72527472527474,292.91257483596377,410.72527472527474,470.13280902475515,410.72527472527474,712.1945765434057
France,fr,202.43956043956044,301.1996870544547,202.43956043956044,1094.615023746505,202.43956043956044,1682.9208875535437,202.43956043956044,2881.2468631269257
Germany,de,186.7912087912088,279.2517237010562,186.7912087912088,989.3102162878532,186.7912087912088,1508.1505762896086,186.7912087912088,2706.4465002533875
Spain,es,501.05494505494505,118.50037714600953,501.05494505494505,490.7649219021413,501.05494505494505,788.118351580956,501.05494505494505,1163.403191639613
United Kingdom (UK),gb,564.0439560439561,295.5959366801242,564.0439560439561,998.7428133197972,564.0439560439561,1498.6678924921127,564.0439560439561,3411.8012620374957
United States,us,2065.131868131868,1298.3205673624318,2065.131868131868,4969.129217548925,2065.131868131868,7772.840238814559,2065.131868131868,11963.414976262407
