country,country_code,Current Downloads,Top 20,Top 10,Top 5
Australia,au,842.4175824175824,221.29460285886705,623.2158083275484,1310.849200709898
Brazil,br,1590.3076923076924,56552.40432669179,87706.17290673929,126905.12548896093
Canada,ca,1647.2967032967033,0.0,133.2406816920152,1286.9163534406314
France,fr,328.6923076923077,1176.1956556542557,1787.2437488710548,3647.3709648285294
Germany,de,312.61538461538464,1039.0827912002378,1661.439303211759,2995.62798877769
Spain,es,563.9120879120879,258.3989517640432,684.2050229405853,1268.889097341751
United Kingdom (UK),gb,2262.197802197802,1558.083841226216,3123.244272494306,6570.709502876612
United States,us,7549.065934065934,5961.45698377588,11397.674705513677,23822.496237238534
