country,country_code,Current Downloads,Top 20,Top 10,Top 5
Australia,au,205.76923076923077,8.684011767303645,126.56000428335278,283.1923621340815
Brazil,br,90.3956043956044,10409.010090394198,17920.344134322022,28631.97757971853
Canada,ca,410.72527472527474,0.0,59.4075342994804,301.46930181813093
France,fr,202.43956043956044,892.1754633069443,1480.4813271139833,2678.8073026873653
Germany,de,186.7912087912088,802.5190074966443,1321.3593674983997,2519.655291462179
Spain,es,501.05494505494505,0.0,287.0634065260109,662.3482465846679
United Kingdom (UK),gb,564.0439560439561,434.6988572758412,934.6239364481568,2847.7573059935394
United States,us,2065.131868131868,2903.997349417057,5707.708370682691,9898.28310813054
