country,country_code,Current Downloads,Top 20 Total,Top 10 Total,Top 5 Total
Australia,au,205.76923076923077,214.45324253653442,332.32923505258356,488.9615929033123
Brazil,br,90.3956043956044,10499.405694789803,18010.739738717628,28722.373184114134
Canada,ca,410.72527472527474,292.91257483596377,470.13280902475515,712.1945765434057
France,fr,202.43956043956044,1094.6150237465047,1682.9208875535437,2881.2468631269257
Germany,de,186.7912087912088,989.3102162878531,1508.1505762896086,2706.4465002533875
Spain,es,501.05494505494505,490.7649219021413,788.118351580956,1163.403191639613
United Kingdom (UK),gb,564.0439560439561,998.7428133197973,1498.667892492113,3411.8012620374957
United States,us,2065.131868131868,4969.129217548925,7772.840238814559,11963.414976262407
