country,country_code,Current Downloads,Top 20 Total,Top 10 Total,Top 5 Total
Australia,au,842.4175824175824,1063.7121852764494,1465.6333907451308,2153.2667831274803
Brazil,br,1590.3076923076924,58142.71201899948,89296.48059904698,128495.43318126861
Canada,ca,1647.2967032967033,1273.4275217614588,1780.5373849887185,2934.2130567373347
France,fr,328.6923076923077,1504.8879633465633,2115.9360565633624,3976.063272520837
Germany,de,312.61538461538464,1351.6981758156226,1974.0546878271434,3308.2433733930748
Spain,es,563.9120879120879,822.3110396761311,1248.1171108526732,1832.8011852538389
United Kingdom (UK),gb,2262.197802197802,3820.281643424018,5385.442074692108,8832.907305074414
United States,us,7549.065934065934,13510.522917841814,18946.74063957961,31371.562171304467
